parking_id,parking_name,lot_category,lot_type,operation_rule,district,address,latitude,longitude,phone,capacity,pay_type,base_fee,base_time,add_fee,add_time,day_max_fee,monthly_fee,weekday_start,weekday_end,weekend_start,weekend_end,holiday_start,holiday_end,source
2987155,ABL생명빌딩 주차장,민영,부설,미연계,종로구,종로구 숭인동 1383-0,37.574589,127.021938,,57,유료,2000,30,1000,15,,,700,2200,700,2200,700,2200,seoul_site
984489,94빌딩,민영,부설,미연계,종로구,종로구 공평동 144-0,37.57182562,126.98233785,02-1688-1054,63,유료,3000,30,1000,10,130000,200000,600,2300,600,2300,600,2300,seoul_site
2975669,AJ파크 종로관훈(민영),민영,노외,미연계,종로구,종로구 관훈동 112-4,37.575524,126.984307,02-735-1800,78,유료,2000,20,1200,10,33000,260000,0,2400,0,2400,0,2400,seoul_site
2987609,AJ파크 해영회관점(민영),민영,노외,미연계,종로구,종로구 안국동 117-0,37.576793,126.98481,02-733-8564,75,유료,2000,30,1000,15,28000,220000,0,2400,0,2400,0,2400,seoul_site
3148011,CGV대학로 고객 주차장,민영,부설,미연계,종로구,종로구 명륜2가 41-9,37.58346,126.999864,,49,유료,5000,180,2000,30,0,0,0,2400,0,2400,0,2400,seoul_site
2985068,GS타임즈 경운(민영),민영,노외,미연계,종로구,종로구 경운동 65-0,37.57451,126.986124,080-330-3600,16,유료,3000,30,1000,10,0,0,0,2400,0,2400,0,2400,seoul_site
3245927,GS타임즈 대학로(민영),민영,노외,미연계,종로구,종로구 동숭동 1-138,37.580341,127.003699,,15,유료,2000,30,2000,30,,,0,0,0,0,0,0,seoul_site
3245933,GS타임즈 동묘 주차장(민영),민영,노외,미연계,종로구,종로구 창신동 401-8,37.5703398,127.0154293,,20,유료,3000,20,900,10,,,0,0,0,0,0,0,seoul_site
3245944,GS타임즈 익선동(민영),민영,노외,미연계,종로구,종로구 와룡동 80-1,37.5751482,126.9909787,,16,유료,600,5,600,5,,,0,0,0,0,0,0,seoul_site
2976839,GS타임즈 인사(S&S)(민영),민영,노외,미연계,종로구,종로구 견지동 101-0,37.572723,126.983447,080-330-3600,46,유료,1000,10,1000,10,35000,,0,2400,0,2400,0,2400,seoul_site
3085883,MYCJ(민영),민영,노외,미연계,종로구,종로구 내자동 167-1,37.57529,126.970457,02-737-7366,11,유료,3000,30,5000,60,25000,15000,830,2230,830,2230,830,2230,seoul_site
1912876,NH농협타워,민영,부설,미연계,종로구,종로구 평동 222-0,37.566715,126.966361,010-5459-4518,319,유료,1000,10,1000,10,30000,250000,0,2359,0,2359,0,2359,seoul_site
3091482,SJA빌딩 주차장,민영,부설,미연계,종로구,종로구 연건동 39-0,37.579143,127.001817,,29,유료,3000,60,500,10,10000,120000,900,1900,900,1900,900,1000,seoul_site
3082175,S타워,민영,부설,미연계,종로구,종로구 신문로1가 116-0,37.569692,126.973943,0,247,유료,1000,15,1000,15,16500,242000,0,0,0,0,0,0,seoul_site
3245940,갈비예찬 (대승 주차장)(민영),민영,노외,미연계,종로구,종로구 숭인동 1383-2,37.5717816,127.019581,,25,유료,2000,30,1000,10,30000,,0,0,0,0,0,0,seoul_site
171813,갈비예찬(민영),민영,노외,미연계,종로구,종로구 숭인동 1383-2,37.57455972,127.02166496,,25,유료,3000,30,1000,10,30000,150000,0,2400,0,2400,0,2400,seoul_site
3032563,강북삼성병원 주차장,민영,부설,미연계,종로구,종로구 평동 108-1,37.568048,126.967775,,300,유료,1500,30,500,10,30000,,0,2400,0,2400,0,2400,seoul_site
3032224,강원(민영),민영,노외,미연계,종로구,종로구 창신동 285-0,37.573375,127.015032,02-763-1119,15,유료,2000,30,2000,30,10000,120000,900,2100,900,2100,900,2100,seoul_site
3248406,건국빌딩,민영,부설,20분,종로구,종로구 낙원동 280-4,37.573537,126.987302,070-7119-2062,104,유료,2200,15,2200,15,,275000,0,2400,0,2400,0,2400,seoul_site
1913638,경복궁 주차장,민영,부설,20분,종로구,종로구 세종로 1-1,37.576926,126.9791106,02-736-9536,266,유료,3000,120,800,10,0,0,0,0,0,0,0,0,seoul_site
3075778,경희궁의아침 2단지 주차장,민영,부설,미연계,종로구,종로구 내수동 71-0,37.573944,126.971244,0,377,유료,6000,60,3000,30,,132000,0,2400,0,2400,0,2400,seoul_site
3083196,경희궁의아침 4단지 주차장,민영,부설,미연계,종로구,종로구 내수동 73-0,37.57261,126.972247,0,230,유료,3000,60,500,10,,,0,2400,0,2400,0,2400,seoul_site
3033406,경희궁자이4단지 주차장,민영,부설,미연계,종로구,종로구 교북동 126-0,37.571514,126.961383,,301,유료,3000,60,500,10,,,0,0,0,0,0,0,seoul_site
3173185,계명주차장(민영),민영,노외,미연계,종로구,종로구 숭인동 1063-0,37.575458,127.022056,02-1599-5400,47,유료,2000,30,1000,10,,,700,2300,700,2300,700,2300,seoul_site
3245921,고궁주차장(민영),민영,노외,미연계,종로구,종로구 원남동 171-2,37.575937,126.996566,,20,유료,2000,30,2000,30,,,0,0,0,0,0,0,seoul_site
3082692,고려(민영),민영,노외,미연계,종로구,종로구 신문로1가 37-0,37.570696,126.973999,02-733-0418,140,유료,500,10,500,10,15000,132000,600,2300,600,2300,600,2300,seoul_site
1584298,관수(민영),민영,노외,미연계,종로구,종로구 관수동 143-7,37.56898524,126.99014499,,5,무료,,,,,,,0,0,0,0,0,0,seoul_site
2973967,관정빌딩 주차장,민영,부설,미연계,종로구,종로구 서린동 88-0,37.569393,126.98142,0,145,유료,2000,30,2000,30,,,600,1900,0,0,0,0,seoul_site
1452338,관철동 공영주차장(시),공영,노상,20분,종로구,종로구 관철동 13-14,37.56844012714286,126.98628076428572,02-738-0909,7,유료,430,5,430,5,0,0,900,2200,900,1400,0,0,seoul_site
3246795,광장주차장(민영),민영,노외,미연계,종로구,종로구 효제동 251-1,37.5719147,127.0022965,01036303170,,무료,,,,,,,0,0,0,0,0,0,seoul_site
2966070,광화문 D타워,민영,부설,20분,종로구,종로구 청진동 246-0,37.57111,126.978915,02-1688-1054,356,유료,3000,20,1500,10,50000,,0,2400,0,2400,0,2400,seoul_site
3030153,광화문 풍림스페이스본1차,민영,부설,미연계,종로구,종로구 사직동 9-0,37.574328,126.968936,0,1480,유료,1500,10,1500,10,35000,150000,0,2400,0,2400,0,2400,seoul_site
3085397,광화문 플래티넘 오피스텔 주차장,민영,부설,미연계,종로구,종로구 적선동 156-0,37.574449,126.973598,0,113,유료,2000,30,1000,10,20000,0,700,2200,700,2200,0,0,seoul_site
1451529,광화문빌딩(구),공영,노상,미연계,종로구,종로구 당주동 40-9,37.571574495625,126.97368175312499,,16,유료,500,5,1000,10,0,250000,1000,2200,1000,1800,1000,1800,seoul_site
3082176,광화문오피시아빌딩,민영,부설,미연계,종로구,종로구 신문로1가 163-0,37.569711,126.974909,0,463,유료,0,15,1000,10,20000,187000,0,0,0,0,0,0,seoul_site
3016934,교남 공영주차장(구),공영,노외,미연계,종로구,종로구 행촌동 1-53,37.572813,126.963888,,30,유료,300,5,300,5,,,0,2400,0,2400,0,2400,seoul_site
899187,교보생명 본사사옥[광화문 5호점],민영,부설,미연계,종로구,종로구 종로1가 1-0,37.57061469,126.97807912,0,412,유료,2000,20,1000,10,0,253000,600,2400,600,2400,600,2400,seoul_site
1416258,국립현대미술관 서울관,공영,부설,20분,종로구,종로구 소격동 165-0,37.57951713,126.98059114,02-3701-9841~4,384,유료,3000,60,500,10,20000,0,800,2300,800,2300,800,2300,seoul_site
3245923,국원주차장(민영),민영,노외,미연계,종로구,종로구 운니동 114-8,37.576821,126.986658,,17,유료,2000,30,1000,15,,,0,0,0,0,0,0,seoul_site
2998141,국일관 드림펠리스,민영,부설,미연계,종로구,종로구 관수동 20-0,37.569706,126.989999,0503-7745-1239,131,유료,2000,30,1000,15,,,630,2400,630,2400,630,2400,seoul_site
1437012,그랑서울 주차장,민영,부설,20분,종로구,종로구 청진동 70-0,37.57107565,126.98138243,02-2158-7993,754,유료,2000,15,2000,15,40000,250000,0,2400,0,2400,0,2400,seoul_site
2924180,금미주차장(민영),민영,노외,미연계,종로구,종로구 효제동 174-7,37.572001,127.005298,02-762-8837,27,유료,2000,20,1000,10,,,700,1900,700,1700,700,1900,seoul_site
3052251,끄레아(민영),민영,노외,미연계,종로구,종로구 통의동 79-0,37.578541,126.9724,02-723-1942,45,유료,1000,10,1000,10,40000,200000,800,2300,900,2200,900,2200,seoul_site
3215848,낙산 공영주차장(구),공영,노외,미연계,종로구,종로구 창신동 23-343,37.5773975,127.012171,02-6048-1234,50,유료,200,5,200,5,,,0,2400,0,2400,0,2400,seoul_site
1451410,낙산성곽 버스전용 주차장(구),공영,노상,미연계,종로구,종로구 창신동 615-62,37.58031674888889,127.00963144999999,,9,무료,0,0,0,0,0,0,0,0,0,0,0,0,seoul_site
2980886,낙원주차장(민영),민영,노외,미연계,종로구,종로구 낙원동 132-1,37.5724,126.989704,02-747-6494,12,유료,2000,30,1000,10,0,0,900,2100,900,2100,900,2100,seoul_site
3055783,너른(구.대륜)(민영),민영,노외,미연계,종로구,종로구 구기동 146-1,37.611392,126.957214,,205,유료,1000,30,1000,30,6000,0,800,2000,800,2000,800,2000,seoul_site
892756,노스게이트빌딩 주차장,민영,부설,미연계,종로구,종로구 적선동 66-0,37.57521016,126.97395565,,176,유료,2000,30,2000,30,,,0,2400,0,2400,0,2400,seoul_site
3078460,누상 공영주차장(구),공영,노외,미연계,종로구,종로구 누상동 166-50,37.58038,126.964695,02-2236-0052,36,유료,200,5,200,5,0,0,0,2400,0,2400,0,2400,seoul_site
2995605,대경빌딩 주차장,민영,부설,미연계,종로구,종로구 숭인동 1385-0,37.574339,127.022882,0,79,유료,3000,30,1000,10,24000,150000,700,2200,800,1900,900,1900,seoul_site
3215855,대성(민영),민영,노외,미연계,종로구,종로구 숭인동 266-17,37.5728918,127.0192494,,30,무료,,,,,,,0,0,0,0,0,0,seoul_site
3215844,대승(민영),민영,노외,미연계,종로구,종로구 연건동 37-0,37.5790241,127.0018641,,20,무료,,,,,,,0,0,0,0,0,0,seoul_site
2973905,대승주차장(민영),민영,노외,미연계,종로구,종로구 견지동 110-46,37.572851,126.982617,02-733-7686,21,유료,2000,30,2000,30,15000,0,730,2000,0,0,0,0,seoul_site
1441398,대신주차장(민영),민영,노외,미연계,종로구,종로구 관철동 44-4,37.56925543,126.9838611,02-735-0555,44,유료,3000,30,1000,10,0,180000,800,2130,800,2130,800,2130,seoul_site
3245922,대하주차장(민영),민영,노외,미연계,종로구,종로구 익선동 33-1,37.575265,126.988647,,10,유료,2500,30,2500,30,,,0,0,0,0,0,0,seoul_site
2925309,대학로 문화공간 주차장,민영,부설,미연계,종로구,종로구 동숭동 1-80,37.582281,127.003668,,34,유료,2500,60,2500,60,0,0,1030,2300,1030,2300,1030,2300,seoul_site
2876119,대학로 바탕골 주차장,민영,부설,미연계,종로구,종로구 동숭동 1-60,37.581891,127.00258,,10,유료,2000,30,2000,30,,0,800,2100,800,2100,800,2100,seoul_site
2873793,대학로뮤지컬센터 주차장,민영,부설,미연계,종로구,종로구 동숭동 25-5,37.582889,127.004396,,44,유료,2000,30,2000,30,20000,0,1000,2300,1000,2300,1000,2300,seoul_site
3106583,대학로스타시티빌딩 주차장,민영,부설,미연계,종로구,종로구 명륜4가 113-1,37.582063,127.000488,0,33,유료,2000,30,2000,30,24500,,0,2400,0,2400,0,2400,seoul_site
2931118,대학로예술극장 주차장,민영,부설,미연계,종로구,종로구 동숭동 1-67,37.582051,127.00319,,71,유료,2000,30,1000,15,0,0,800,2300,800,2300,800,2300,seoul_site
3032561,대한적십자사 서울병원,민영,부설,미연계,종로구,종로구 평동 164-0,37.567334,126.966963,02-2002-8721,240,유료,700,10,700,10,,,0,2400,0,2400,0,2400,seoul_site
3161319,대호빌딩B동 주차장,민영,부설,미연계,종로구,종로구 연지동 136-5,37.573647,126.999784,,105,유료,2000,30,1000,10,20000,170000,600,2200,600,2200,600,2200,seoul_site
3077671,대화(민영),민영,노외,미연계,종로구,종로구 팔판동 59-4,37.582314,126.981621,02-738-4074,16,유료,3000,30,1000,10,40000,0,900,2200,900,2200,900,2200,seoul_site
3065520,대화주차장(민영),민영,노외,미연계,종로구,종로구 삼청동 97-2,37.583753,126.98185,,14,무료,0,0,0,0,0,0,0,0,0,0,0,0,seoul_site
2927399,더브릭스빌딩 주차장,민영,부설,미연계,종로구,종로구 동숭동 1-93,37.580989,127.003737,0,12,유료,2000,30,1000,15,0,150000,900,2200,900,2200,900,2200,seoul_site
3008053,독일(민영),민영,노외,미연계,종로구,종로구 창신동 525-2,37.571828,127.012623,02-764-1784,6,유료,2000,30,700,10,0,0,700,2200,700,2200,0,0,seoul_site
2996619,동대문쇼핑타운,민영,부설,미연계,종로구,종로구 종로6가 289-57,37.570835,127.008165,02-2262-0345,220,유료,2000,30,2000,30,0,0,600,2000,600,1800,600,1800,seoul_site
3013086,동대문호텔 주차장(민영),민영,노외,미연계,종로구,종로구 창신동 444-1,37.571001,127.010517,02-741-7811,7,유료,2000,30,2000,30,20000,,800,2400,0,2400,0,2400,seoul_site
2986159,동덕빌딩 주차장,민영,부설,미연계,종로구,종로구 관훈동 151-8,37.574883,126.98317,0,101,유료,3000,30,1000,15,20000,,0,2400,0,2400,0,2400,seoul_site
3215852,동묘 공영주차장(구),공영,노외,미연계,종로구,종로구 숭인동 227-8,37.5733029,127.0188904,,23,유료,500,5,500,5,,,0,2400,0,2400,0,2400,seoul_site
2924782,동문 주차장(민영),민영,노외,미연계,종로구,종로구 종로6가 43-1,37.571962,127.007661,02-764-6151,20,유료,2000,30,1000,10,15000,200000,0,2400,0,2400,0,2400,seoul_site
3008544,동문(민영),민영,노외,미연계,종로구,종로구 창신동 433-5,37.57086183,127.01244663,,25,유료,2000,30,700,10,10000,170000,500,1800,400,1800,0,0,seoul_site
1451367,동순라길(종묘) 관광버스전용 주차장(시),공영,노상,20분,종로구,종로구 인의동 112-10,37.572772682,126.99675077399999,02-2290-6449,5,무료,0,0,0,0,0,0,0,0,0,0,0,0,seoul_site
2873791,동숭인사이드 주차장,민영,부설,미연계,종로구,종로구 동숭동 1-44,37.583007,127.00364,,15,유료,2000,30,2000,30,17000,0,930,2300,930,2300,930,2300,seoul_site
1584565,동승(민영),민영,노외,미연계,종로구,종로구 종로6가 289-3,37.57046681,127.00897092,02-2262-0213,242,유료,3000,30,1000,15,,,600,2000,600,2000,600,2000,seoul_site
2880321,동신(민영),민영,노외,미연계,종로구,종로구 이화동 215-0,37.575798,127.003311,02-765-9122,12,유료,2000,30,1000,15,15000,170000,700,1900,800,1700,0,0,seoul_site
2874371,동호(민영),민영,노외,미연계,종로구,종로구 동숭동 1-143,37.580546,127.004029,02-743-5377,13,유료,2000,30,1000,15,20000,160000,1000,2400,1000,2400,1000,2400,seoul_site
3154795,두산아트센터 주차장,민영,부설,미연계,종로구,종로구 연지동 270-0,37.571915,127.001242,,167,유료,1000,10,1000,10,15000,176000,600,2300,600,2300,600,2300,seoul_site
2965886,두산위브파빌리온 주차장,민영,부설,미연계,종로구,종로구 수송동 58-0,37.572568,126.981862,0,367,유료,1000,10,1000,10,18000,0,0,2400,0,2400,0,2400,seoul_site
3085882,러닝웨이코리아 주차장,민영,부설,미연계,종로구,종로구 내자동 167-2,37.575119,126.970686,0,20,유료,0,60,1000,60,,,800,2200,800,2200,800,2200,seoul_site
2925704,리트모빌딩 주차장,민영,부설,미연계,종로구,종로구 동숭동 1-73,37.582485,127.003286,,16,유료,3000,60,1500,30,15000,150000,900,2200,900,2200,900,2200,seoul_site
3076679,명광교회옆(구),공영,노외,미연계,종로구,종로구 명륜3가 12-0,37.586747,126.996479,02-6048-1234,8,유료,250,5,250,5,0,,0,2400,0,2400,0,2400,seoul_site
3172084,명륜1가공영주차장(구),공영,노외,미연계,종로구,종로구 명륜1가 5-14,37.589779,126.997681,02-6048-1234,50,유료,300,5,300,5,0,,0,2400,0,2400,0,2400,seoul_site
2877166,명륜동와룡주차장(구),공영,노외,미연계,종로구,종로구 명륜3가 1-21,37.588529,126.995369,02-6048-1234,78,유료,300,5,300,5,,,0,0,0,0,0,0,seoul_site
890365,명륜빌딩 주차장,민영,부설,미연계,종로구,종로구 명륜3가 127-0,37.58367862,126.99742542,,15,유료,1000,30,500,10,10000,0,0,2400,0,2400,0,2400,seoul_site
3245928,명륜빌딩 주차장 (아마노)(민영),민영,노외,미연계,종로구,종로구 명륜3가 127-0,37.583517,126.997342,,15,유료,1000,30,500,10,,,0,0,0,0,0,0,seoul_site
3215836,무계원 공영주차장(구),공영,노외,미연계,종로구,종로구 부암동 328-2,37.5916594,126.9633293,,22,유료,300,5,,,,,0,2400,0,2400,0,2400,seoul_site
2876592,방주주차빌딩(민영),민영,노외,미연계,종로구,종로구 종로5가 17-1,37.57132,127.005105,02-3673-5588,73,유료,2000,20,1000,10,30000,275000,600,2200,600,2200,0,0,seoul_site
3215845,방통대 공영주차장(구),공영,노외,미연계,종로구,종로구 동숭동 169-1,37.5787747,127.0027987,,100,유료,400,5,400,5,0,0,0,2400,0,2400,0,2400,seoul_site
3167358,보령빌딩 주차장,민영,부설,미연계,종로구,종로구 원남동 66-21,37.574515,126.998018,,152,유료,2000,30,1000,10,25000,,600,2400,600,2400,600,2400,seoul_site
171811,보루네오(민영),민영,노외,미연계,종로구,종로구 숭인동 228-2,37.57364676,127.01945974,02-2232-9980,15,유료,2000,30,1000,15,15000,150000,0,2400,0,2400,0,2400,seoul_site
3245938,보르네오(민영),민영,노외,미연계,종로구,종로구 숭인동 228-2,37.5736393,127.019451,,15,유료,2000,30,1000,15,,,0,0,0,0,0,0,seoul_site
3022918,부귀빌딩 주차장,민영,부설,미연계,종로구,종로구 교북동 11-1,37.571954,126.961419,,32,유료,2000,30,,,,,0,0,0,0,0,0,seoul_site
3110943,부암유료주차장(민영),민영,노외,미연계,종로구,종로구 부암동 278-1,37.592997,126.963731,,12,유료,2000,30,,,,,0,0,0,0,0,0,seoul_site
1912720,불가마 주차장,민영,부설,미연계,종로구,종로구 명륜2가 21-22,37.584252,127.000635,,29,유료,2000,30,1000,15,25000,0,700,2300,700,2300,700,2300,seoul_site
3069146,비봉(구),공영,노외,미연계,종로구,종로구 구기동 139-9,37.61218,126.956556,02-6048-1234,40,유료,200,5,200,5,0,140000,0,2400,0,2400,0,2400,seoul_site
1452329,사직로1 관광버스 주차허용 구간(시),공영,노상,미연계,종로구,종로구 내자동 35-0 내자동 54(치과의원) ~ 필운동 227(금고 앞),37.57612308333333,126.97095612466666,02)2133-2357,15,무료,0,0,0,0,0,0,0,0,0,0,0,0,seoul_site
1452076,사직로2 관광버스 주차허용 구간(시),공영,노상,미연계,종로구,종로구 내자동 131-0 내자동136(사직이용원) ~ 내자동75-4(가로등),37.57586601111112,126.97110202111111,02)2133-2357,9,무료,0,0,0,0,0,0,0,0,0,0,0,0,seoul_site
1452074,사직로3 관광버스 주차허용 구간(시),공영,노상,미연계,종로구,종로구 사직동 240-0 (한국갤럽 앞 ~ 풍림스페이스본 버스정류장 전),37.574614395,126.96774537499999,02)2133-2357,4,무료,0,0,0,0,0,0,0,0,0,0,0,0,seoul_site
3245929,삼성 주차장(민영),민영,노외,미연계,종로구,종로구 창신동 326-6,37.5724977,127.0149775,,17,유료,2000,30,1000,10,,,0,0,0,0,0,0,seoul_site
1584611,삼성(민영),민영,노외,미연계,종로구,종로구 창신동 326-6,37.57253241,127.01500732,02-764-5869,17,무료,,,,,,,0,0,0,0,0,0,seoul_site
3054296,삼원(민영),민영,노외,미연계,종로구,종로구 체부동 50-0,37.576804,126.972205,02-733-8824,4,유료,3000,30,1000,10,0,0,900,2100,900,2100,0,0,seoul_site
1566303,삼청공원앞(구),공영,노상,미연계,종로구,종로구 삼청동 25-11,37.58741007277778,126.98283296833334,,18,유료,250,5,500,10,0,180000,900,2100,900,1700,0,0,seoul_site
3247314,삼청제2공영(구),공영,노외,미연계,종로구,종로구 삼청동 1-12,37.588248,126.9812814,,27,유료,300,5,300,5,,,0,2400,0,2400,0,2400,seoul_site
2962144,서린(민영),민영,노외,미연계,종로구,종로구 서린동 111-3,37.569752,126.97969,02-735-4530,20,유료,3000,30,1000,10,25000,200000,830,2130,800,1700,0,0,seoul_site
2961644,서린민영주차장,민영,부설,미연계,종로구,종로구 서린동 111-1,37.569902,126.979623,,20,유료,3000,30,1000,10,25000,250000,800,2100,800,2100,800,2100,seoul_site
2998504,서울극장,민영,부설,미연계,종로구,종로구 관수동 59-7,37.569769,126.991823,0503-7745-1476,87,유료,2000,30,1000,10,20000,187000,900,2300,900,2300,900,2300,seoul_site
1386536,서울글로벌센터 공영주차장(시),공영,노외,20분,종로구,종로구 서린동 63-0,37.56983402,126.98150586,02-720-9862,44,유료,700,5,700,5,,336000,900,1800,0,0,0,0,seoul_site
665560,서울대학교병원 고객 주차장,민영,부설,미연계,종로구,종로구 연건동 28-21,37.57900667,126.99913502,,1595,유료,1500,30,500,10,30000,180000,0,2400,0,2400,0,2400,seoul_site
3214516,서울대학교치과병원,민영,부설,미연계,종로구,종로구 연건동 28-21*,37.57749391456385,126.99994056647303,02-2072-2655,241,유료,500,10,500,10,,,0,2400,0,2400,0,2400,seoul_site
1416041,서울디자인재단 지원센터 주차장,공영,부설,20분,종로구,종로구 종로6가 70-6,37.57288249,127.00816125,02-2096-0153,32,유료,400,5,400,5,0,,700,2200,700,2200,700,2200,seoul_site
3161310,서울보증보험 주차장,민영,부설,미연계,종로구,종로구 연지동 136-74,37.573708,127.000891,,456,유료,2000,30,1000,10,20000,150000,600,2300,600,2300,0,0,seoul_site
3025038,서울시교육청주차장,민영,부설,미연계,종로구,종로구 신문로2가 2-77,37.56997,126.967439,02-399-9287~8,163,유료,0,30,400,5,18000,0,900,1800,0,0,0,0,seoul_site
3021351,서울역사박물관,민영,부설,미연계,종로구,종로구 신문로2가 2-1,37.571295,126.96994,02-724-0234,114,유료,1000,60,400,5,22000,,800,2200,800,2200,800,2200,seoul_site
2973973,서울지방국세청,민영,부설,미연계,종로구,종로구 수송동 104-0,37.574066,126.979885,010-2507-1853,4,유료,1500,15,500,5,0,0,1800,800,0,2400,0,2400,seoul_site
2971071,서원빌딩 주차장,민영,부설,미연계,종로구,종로구 경운동 91-1,37.576308,126.985964,0,50,유료,2000,30,2000,30,20000,,700,1900,700,1300,0,0,seoul_site
2977342,서인사마당(구),공영,노외,미연계,종로구,종로구 견지동 85-18,37.573527,126.983806,02-6048-1234,40,유료,500,5,500,5,,,0,2400,0,2400,0,2400,seoul_site
3061193,석파정서울미술관,민영,부설,미연계,종로구,종로구 부암동 202-4,37.594706,126.963189,,62,유료,1000,10,1000,10,,,1100,1810,1100,1810,1100,1810,seoul_site
3073021,성균관대학교,민영,부설,미연계,종로구,종로구 명륜3가 53-21,37.588814,126.992454,0,646,유료,2000,30,500,10,,,0,2400,0,2400,0,2400,seoul_site
3013483,세란병원 주차장,민영,부설,미연계,종로구,종로구 무악동 32-2,37.57518,126.957486,0,80,유료,2000,30,1000,15,20000,,700,2130,730,2100,730,2100,seoul_site
2974204,세미콜론수송 주차장,민영,부설,20분,종로구,종로구 수송동 83-1,37.57459,126.98096,02-1522-0741,310,유료,4500,30,4500,30,45000,250000,0,2400,0,2400,0,2400,seoul_site
1451715,세운상가밑(구),공영,노상,미연계,종로구,종로구 장사동 116-3,37.56929636433333,126.99526561533334,,30,유료,500,5,1000,10,0,250000,900,1900,900,1500,0,0,seoul_site
2996198,세운스퀘어 주차장,민영,부설,미연계,종로구,종로구 인의동 112-2,37.571871,126.996703,,123,유료,3000,30,1000,10,20000,150000,500,2400,500,2400,500,2400,seoul_site
171721,세종로 공영주차장(시),공영,노외,20분,종로구,종로구 세종로 80-1,37.57340269,126.97588429,02-2290-6566,1260,유료,430,5,430,5,,176000,0,2400,0,2400,0,2400,seoul_site
3085899,세종빌딩 주차장,민영,부설,미연계,종로구,종로구 당주동 100-0,37.571895,126.973351,,121,유료,0,60,1300,30,0,0,800,1800,0,0,0,0,seoul_site
171777,세종주차장(민영),민영,노외,미연계,종로구,종로구 관수동 155-1,37.56901932,126.98920432,080-330-3600,250,유료,3000,30,3000,30,20000,200000,0,2400,0,2400,0,2400,seoul_site
2997707,센츄럴관광호텔 주차장,민영,부설,미연계,종로구,종로구 장사동 227-1,37.568828,126.992948,0,30,유료,3000,30,1000,10,30000,,0,0,0,0,0,0,seoul_site
3085908,센터포인트 주차장,민영,부설,미연계,종로구,종로구 도렴동 65-0,37.573056,126.974305,0,144,유료,1000,10,1000,10,40000,220000,600,2300,600,2300,600,2300,seoul_site
1912957,센트로폴리스,민영,부설,20분,종로구,종로구 공평동 17-0,37.571631,126.983431,02-1688-1054,560,유료,2000,20,2000,20,30000,242000,0,2400,0,2400,0,2400,seoul_site
3246543,숭인 공영주차장(구),공영,노외,미연계,종로구,종로구 숭인동 57-18,37.577452,127.016703,,119,유료,300,5,300,5,0,0,0,2400,0,2400,0,2400,seoul_site
3245941,숭인빌딩(민영),민영,노외,미연계,종로구,종로구 숭인동 234-86,37.57340336,127.019581,,9,유료,3500,30,1200,10,,,0,0,0,0,0,0,seoul_site
3002394,쉘톤빌딩 민영 주차장,민영,부설,미연계,종로구,종로구 창신동 448-6,37.570819,127.011388,,15,유료,4000,60,700,10,107000,0,800,2200,800,2200,800,2200,seoul_site
3110155,신교 공영주차장(구),공영,노외,미연계,종로구,종로구 신교동 66-0,37.584057,126.9696613,02-2236-0052,158,유료,300,5,300,5,0,0,0,2400,0,2400,0,2400,seoul_site
1385457,신문로 공영주차장(구),공영,노외,미연계,종로구,종로구 신문로1가 58-36,37.57107424,126.97315939,02-6048-1234,30,유료,500,5,500,5,0,350000,900,1900,900,1900,900,1900,seoul_site
3245920,신원남(민영),민영,노외,미연계,종로구,종로구 원남동 249-7,37.574909,126.997005,,25,유료,4000,60,1000,15,,,0,0,0,0,0,0,seoul_site
981157,신원남(민영),민영,노외,미연계,종로구,종로구 원남동 249-7,37.5748994,126.99708341,02-741-6211,25,유료,3000,30,1000,15,15000,160000,800,2000,800,1700,0,0,seoul_site
2999118,씨네코아 주차장,민영,부설,미연계,종로구,종로구 관철동 33-1,37.56897,126.988155,02-2285-2723,61,유료,2000,30,1000,10,25000,,630,2230,630,2230,630,2230,seoul_site
3155848,아르젠종로,민영,부설,미연계,종로구,종로구 연지동 163-3,37.573248,126.998746,0,38,유료,2000,30,1000,10,,,0,0,0,0,0,0,seoul_site
3136097,아시아 주차장(민영),민영,노외,미연계,종로구,종로구 명륜4가 187-0,37.58252,126.998723,,16,유료,2000,30,2000,30,0,0,700,2200,700,2200,700,2200,seoul_site
1910358,안국역 4번출구 주차장(민영),민영,노외,미연계,종로구,종로구 운니동 114-2,37.57681454,126.98763241,031-628-7168,92,유료,1000,30,500,15,20000,200000,0,2400,0,2400,0,2400,seoul_site
2976591,알파빌딩,민영,부설,미연계,종로구,종로구 서린동 70-0,37.569829,126.981107,010-6337-5173,84,유료,2000,30,500,10,20000,0,600,2000,0,0,0,0,seoul_site
3082691,양지(민영),민영,노외,미연계,종로구,종로구 당주동 169-1,37.570958,126.9743,02-720-1779,15,유료,1000,10,1000,10,20000,200000,0,0,0,0,0,0,seoul_site
3158098,여전도회관 주차장,민영,부설,미연계,종로구,종로구 연지동 1-1,37.575416,126.999521,,72,유료,2000,30,1000,10,30000,154000,700,2000,700,2000,700,2000,seoul_site
3245945,연주차장(민영),민영,노외,미연계,종로구,종로구 동숭동 190-12,37.5797029,127.004861,,5,무료,,,,,,,0,0,0,0,0,0,seoul_site
3160695,연지(민영),민영,노외,미연계,종로구,종로구 연지동 106-0,37.57408506,126.99915752,010-3710-4279,15,유료,2000,30,3000,60,15000,,0,0,0,0,0,0,seoul_site
3155890,연지주차장(민영),민영,노외,미연계,종로구,종로구 연지동 234-1,37.573023,127.000154,010-5228-3238,11,유료,4000,60,4000,60,0,0,800,2000,800,1800,0,2400,seoul_site
2969433,연합뉴스빌딩,민영,부설,미연계,종로구,종로구 수송동 110-0,37.57442,126.980486,0,197,유료,1000,10,1000,10,50000,,0,2400,0,2400,0,2400,seoul_site
1451515,열린마당(구),공영,노상,미연계,종로구,종로구 세종로 111-0 옆,37.57534034538462,126.9787180576923,,13,유료,500,5,1000,10,0,250000,900,2100,900,1500,0,0,seoul_site
3017530,영락농인교회,민영,부설,미연계,종로구,종로구 행촌동 1-31,37.572714,126.963357,02-736-0735,14,무료,0,0,0,0,0,0,0,2400,0,2400,0,0,seoul_site
2876139,예스24스테이지,민영,부설,미연계,종로구,종로구 동숭동 1-52,37.582779,127.003308,,33,유료,2000,30,500,10,,,800,2300,800,2300,800,2300,seoul_site
2925364,예일빌딩 주차장,민영,부설,미연계,종로구,종로구 충신동 60-0,37.575312,127.004678,,67,유료,5000,60,5000,60,0,150000,800,1800,0,0,0,0,seoul_site
2972187,오라카이 인사동 스위츠,민영,부설,20분,종로구,종로구 낙원동 272-0,37.573043,126.987376,1688-1054,202,유료,2000,15,2000,15,0,253000,0,2400,0,2400,0,2400,seoul_site
3160667,올림픽기념국민생활관,민영,부설,미연계,종로구,종로구 혜화동 1-21,37.590361,126.998859,02-745-6701,90,유료,250,10,250,10,0,0,900,1800,900,1800,900,1800,seoul_site
3245943,와룡주차장(민영),민영,노외,미연계,종로구,종로구 와룡동 40-1,37.5758183,126.9909364,,12,유료,2000,30,1000,10,,,0,0,0,0,0,0,seoul_site
3002380,우리은행ATM 종로5가지점,민영,부설,미연계,종로구,종로구 종로5가 398-3,37.570031,127.001665,0,13,유료,3000,30,2000,20,30000,0,0,2400,0,2400,0,2400,seoul_site
171826,우성(민영),민영,노외,미연계,종로구,종로구 창신동 647-12,37.57416874,127.01046333,,16,유료,2000,30,3000,60,15000,150000,700,2359,700,2359,700,2359,seoul_site
2984051,우성(민영),민영,노외,미연계,종로구,종로구 운니동 28-0,37.576137,126.989886,02-765-3472,21,유료,2000,30,1000,10,15000,0,700,2100,700,2100,900,1800,seoul_site
2969080,우정에쉐르,민영,부설,미연계,종로구,종로구 견지동 110-32,37.57262559,126.98271408,02-736-9068,27,유료,2000,60,2000,60,10000,130000,700,2200,700,2200,700,2200,seoul_site
3061613,우진빌딩 주차장,민영,부설,미연계,종로구,종로구 통의동 35-41,37.577194,126.972775,0,8,무료,0,0,0,0,0,0,800,2000,800,2000,0,0,seoul_site
1451600,원서공원 앞(구),공영,노상,미연계,종로구,종로구 와룡동 206-0,37.57807922235294,126.98933574,,17,유료,500,5,500,5,0,250000,900,1900,900,1900,900,1900,seoul_site
2930892,유니플렉스 주차장,민영,부설,미연계,종로구,종로구 동숭동 25-9,37.582291,127.00457,0,33,유료,2000,30,2000,30,10000,,730,2300,730,2300,730,2300,seoul_site
3035245,유료창신주차장(민영),민영,노외,미연계,종로구,종로구 창신동 197-37,37.572886,127.013211,,10,무료,,,,,,,0,0,0,0,0,0,seoul_site
884411,유리빌딩 주차장,민영,부설,미연계,종로구,종로구 동숭동 1-131,37.57991952,127.00352907,,22,유료,3000,30,1000,15,20000,200000,700,2400,700,2400,700,2400,seoul_site
954565,이노88타워 주차장,민영,부설,20분,종로구,종로구 운니동 98-5,37.5768231,126.98893866,02-1811-8787,114,유료,3600,30,1200,10,0,242000,0,2400,0,2400,0,2400,seoul_site
3245950,이화 공영주차장(구),공영,노외,미연계,종로구,종로구 이화동 13-2,37.576537,127.005578,,100,유료,500,5,500,5,,,0,2400,0,2400,0,2400,seoul_site
3164331,이화(민영),민영,노외,미연계,종로구,종로구 이화동 189-0,37.576625,127.003172,02-774-5190,50,유료,50,5,500,5,20000,198000,800,2230,800,2230,900,2200,seoul_site
2981209,익선(민영),민영,노외,미연계,종로구,종로구 익선동 111-0,37.574143,126.9906,02-2277-1441,8,유료,2000,30,2000,30,,200000,800,2100,800,2100,800,2100,seoul_site
2876140,자유빌딩 주차장,민영,부설,미연계,종로구,종로구 동숭동 1-45,37.58275,127.00364,,25,유료,2000,30,2000,30,12000,150000,800,2300,800,2300,800,2300,seoul_site
3215839,자투리(민영),민영,노외,미연계,종로구,종로구 원서동 40-0,37.5831245,126.9893025,,3,무료,,,,,,,0,0,0,0,0,0,seoul_site
3245948,자투리(민영),민영,노외,미연계,종로구,종로구 삼청동 105-2,37.584837,126.981894,,10,무료,,,,,,,0,0,0,0,0,0,seoul_site
3215854,재원(민영),민영,노외,미연계,종로구,종로구 숭인동 1425-0,37.5728551,127.0222322,,16,무료,,,,,,,0,0,0,0,0,0,seoul_site
3085400,적선현대빌딩 주차장,민영,부설,미연계,종로구,종로구 적선동 80-0,37.575398,126.973286,,168,유료,2000,30,5000,60,0,0,900,1800,900,1300,0,0,seoul_site
897368,정독도서관,공영,부설,미연계,종로구,종로구 화동 2-0,37.58078251,126.98313418,02-2011-5799,45,유료,190,5,190,5,0,0,700,2230,700,2230,700,2230,seoul_site
3157870,제일(민영),민영,노외,미연계,종로구,종로구 명륜2가 150-1,37.584304,126.998263,02-744-7006,27,유료,1500,30,500,10,15000,140000,700,2400,700,2400,700,2400,seoul_site
3215853,제일(민영),민영,노외,미연계,종로구,종로구 숭인동 1424-0,37.5728338,127.0224146,,25,무료,,,,,,,0,0,0,0,0,0,seoul_site
1451607,종각(구),공영,노상,미연계,종로구,종로구 관철동 45-9,37.56955315384615,126.98351657769231,,13,유료,500,5,1000,10,0,250000,1000,2200,900,1800,0,0,seoul_site
3249072,종로 G1서울 주차장,민영,부설,20분,종로구,종로구 인사동 87-0,37.570727,126.986175,02-1522-0741,574,유료,3600,30,3600,30,40000,253000,0,2400,0,2400,0,2400,seoul_site
3245925,종로 에이스(민영),민영,노외,미연계,종로구,종로구 종로5가 321-19,37.570195,127.003555,,29,유료,2000,20,1000,10,,,0,0,0,0,0,0,seoul_site
2992481,종로1번가,민영,부설,미연계,종로구,종로구 관철동 155-0,37.568901,126.985048,,42,유료,2000,30,1000,15,,,0,2400,0,0,0,0,seoul_site
2932157,종로6가주차장(민영),민영,노외,미연계,종로구,종로구 종로6가 215-24,37.573173,127.005926,02-762-4949,20,유료,3000,30,1000,10,15000,230000,700,1800,700,1400,0,0,seoul_site
3033256,종로구구민회관，보건소통합청사,민영,부설,미연계,종로구,종로구 창신동 222-8,37.573596,127.014488,02-3672-2530,52,유료,1000,30,250,5,0,0,600,2200,600,1800,0,0,seoul_site
2962951,종로구청,민영,부설,미연계,종로구,종로구 수송동 146-12,37.573484,126.979193,02-2148-1306,45,유료,1000,10,500,5,,,900,1800,0,0,0,0,seoul_site
2978920,종로세무서,민영,부설,미연계,종로구,종로구 낙원동 58-8,37.573867,126.988934,0,13,무료,0,0,0,0,0,0,900,1800,0,0,0,0,seoul_site
910779,종로타워 주차장,민영,부설,20분,종로구,종로구 종로2가 6-0,37.57045278,126.98383892,070-4282-2048,273,유료,2000,20,1000,10,30000,220000,0,2400,0,2400,0,2400,seoul_site
1145779,종로플레이스 주차장,민영,부설,20분,종로구,종로구 인의동 28-2,37.572882,126.998496,010-7127-9611,202,유료,1000,10,1000,10,30000,200000,0,2359,0,2359,0,2359,seoul_site
171730,종묘주차장 공영주차장(시),공영,노외,20분,종로구,종로구 훈정동 2-0,37.57150398,126.99496888,02-2290-6166,1312,유료,400,5,400,5,,175000,0,2400,0,2400,0,2400,seoul_site
3089457,중앙성결교회,민영,부설,미연계,종로구,종로구 종로6가 11-1,37.573654,127.008315,,92,유료,1500,30,500,10,10000,150000,0,2400,0,2400,0,2400,seoul_site
3215843,중원주차장(민영),민영,노외,미연계,종로구,종로구 혜화동 185-0,37.5839333,127.0021796,,10,무료,,,,,,,0,0,0,0,0,0,seoul_site
1441344,중원주차장(민영),민영,노외,미연계,종로구,종로구 혜화동 185-0,37.58398113,127.00218169,02-765-8248,10,유료,2000,30,1000,15,0,0,0,0,0,0,0,0,seoul_site
1444687,지타워 주차장,민영,부설,20분,종로구,종로구 수송동 156-0,37.57267337,126.98104937,02-1644-8830,95,유료,3000,30,1500,10,50000,,0,2400,0,0,0,0,seoul_site
171824,진선(민영),민영,노외,미연계,종로구,종로구 숭인동 292-1,37.57298828,127.01661539,02-2238-5910,25,유료,2000,30,1000,15,20000,120000,700,1900,700,1800,0,0,seoul_site
3215856,진선(민영),민영,노외,미연계,종로구,종로구 숭인동 292-1,37.5729608,127.0165823,,25,무료,,,,,,,0,0,0,0,0,0,seoul_site
2979998,창경(민영),민영,노외,미연계,종로구,종로구 운니동 10-0,37.576984,126.98946,010-2566-891,20,유료,2000,30,1000,10,18000,130000,0,2400,0,2400,0,2400,seoul_site
2996195,창경궁관리소,민영,부설,미연계,종로구,종로구 와룡동 2-1,37.5806991414411,126.99625552728921,02-2172-0108,33,유료,3000,120,500,10,,,900,1900,900,1900,900,1900,seoul_site
1452748,창경궁로1 관광버스 주차허용 구간(시),공영,노상,미연계,종로구,종로구 와룡동 2-86 (창경궁주차장~홍화문),37.57978415545455,126.99640169909092,02)2133-2357,11,무료,0,0,0,0,0,0,0,0,0,0,0,0,seoul_site
1582612,창경궁로2 관광버스 주차허용 구간(시),공영,노상,미연계,종로구,종로구 와룡동 2-86 (홍화문~선인문),37.579023348,126.99651016600001,02)2133-2357,5,무료,0,0,0,0,0,0,0,0,0,0,0,0,seoul_site
3215846,창삼 공영주차장(구),공영,노외,미연계,종로구,종로구 창신동 23-346,37.5762399,127.0125243,,21,유료,200,5,200,5,,,0,2400,0,2400,0,2400,seoul_site
3245934,창신 주차장(민영),민영,노외,미연계,종로구,종로구 창신동 596-12,37.576966,127.010177,,10,무료,,,,,,,0,0,0,0,0,0,seoul_site
3245932,창신 주차장(민영),민영,노외,미연계,종로구,종로구 창신동 458-10,37.5714545,127.0126864,,14,유료,2000,30,700,10,,,0,0,0,0,0,0,seoul_site
171822,창신(민영),민영,노외,미연계,종로구,종로구 창신동 458-5,37.57141077,127.01271073,02-764-4831,14,유료,2000,30,700,10,17000,220000,600,2000,600,2000,0,0,seoul_site
3246573,창신교회,민영,부설,미연계,종로구,종로구 창신동 138-32,37.5737,127.0121,,8,무료,,,,,,,0,2400,0,0,0,0,seoul_site
3032598,창신교회,민영,부설,미연계,종로구,종로구 창신동 138-32,37.573703,127.012148,,8,무료,,,,,,,0,2400,0,0,0,0,seoul_site
1452264,창의문로 관광버스 주차허용 구간(시),공영,노상,미연계,종로구,종로구 청운동 15-57 (벽산빌리지 9동 앞 ~ 청운중학교 100m 앞),37.59058246393939,126.97006202515152,02-2133-2357,33,무료,0,0,0,0,0,0,0,0,0,0,0,0,seoul_site
3215850,창일 공영주차장(구),공영,노외,미연계,종로구,종로구 창신동 82-0,37.5748849,127.0150388,,85,유료,300,5,300,5,0,0,0,2400,0,2400,0,2400,seoul_site
3245931,창일 주차장(민영),민영,노외,미연계,종로구,종로구 창신동 401-46,37.5705098,127.0162976,,13,유료,2000,30,1000,10,,,0,0,0,0,0,0,seoul_site
171801,창일(민영),민영,노외,미연계,종로구,종로구 창신동 401-46,37.57052987,127.01628111,02-2238-6166,12,유료,2000,30,1500,30,12000,180000,0,2400,0,2400,0,2400,seoul_site
3245935,천일 (민영),민영,노외,미연계,종로구,종로구 숭인동 202-37,37.5732821,127.0217722,,10,유료,2000,30,1000,10,,,0,0,0,0,0,0,seoul_site
171815,천일(민영),민영,노외,미연계,종로구,종로구 숭인동 202-37,37.57327427,127.02175822,02-2236-0353,10,유료,2000,30,1000,10,30000,150000,800,2000,800,2000,0,0,seoul_site
1452720,청계1(북) 공영주차장(시),공영,노상,20분,종로구,종로구 관철동 13-14,37.56830045833333,126.98861318083334,010-8337-4293,12,유료,750,5,750,5,0,0,900,1900,900,1500,0,0,seoul_site
1452484,청계2(돈화문로) 공영주차장(시),공영,노상,미연계,종로구,종로구 관수동 91-4,37.569232293,126.99236500399999,010-8337-4293,10,유료,750,5,750,5,0,0,900,1900,900,1500,0,0,seoul_site
1452260,청계2(북1) 공영주차장(시),공영,노상,20분,종로구,종로구 관수동 91-4,37.56862408333333,126.993669,010-8337-4293,12,유료,750,5,750,5,0,0,900,1900,900,1500,0,0,seoul_site
1452304,청계2(북2) 공영주차장(시),공영,노상,20분,종로구,종로구 관수동 91-4,37.568867743333335,126.99664286888888,010-8337-4293,9,유료,750,5,750,5,0,0,900,1900,900,1500,0,0,seoul_site
1724351,청계3(북1) 공영주차장(시),공영,노상,20분,종로구,종로구 예지동 140-1,37.56943612789474,126.99990201000001,010-8337-4293,19,유료,750,5,750,5,0,0,900,1900,900,1500,0,0,seoul_site
1451554,청계3(창경궁로_북1) 공영주차장(시),공영,노상,20분,종로구,종로구 예지동 140-1,37.57037743833333,126.99746817166665,010-8337-4293,6,유료,750,5,750,5,0,0,900,1900,900,1500,0,0,seoul_site
1452704,청계5(동호로_북) 공영주차장(시),공영,노상,20분,종로구,종로구 종로5가 458-2,37.57016071,127.00213305,010-8337-4293,6,유료,750,5,750,5,0,0,900,100,900,1500,0,0,seoul_site
1452020,청계5(북1) 공영주차장(시),공영,노상,20분,종로구,종로구 종로5가 458-2,37.5698408504,127.0060116156,010-8337-4293,25,유료,750,5,750,5,0,0,900,1900,900,1500,0,0,seoul_site
1452441,청계6(북) 공영주차장(시),공영,노상,20분,종로구,종로구 종로6가 289-49,37.569982360714285,127.01275056428571,010-8337-4293,28,유료,450,5,450,5,0,0,900,100,900,1500,0,0,seoul_site
1451932,청계7가 공영주차장(시),공영,노상,20분,종로구,종로구 창신동 436-87,37.57131480358974,127.01943469692308,010-8337-4293,39,유료,450,5,450,5,0,0,900,1900,900,1500,0,0,seoul_site
3002155,청남문화원(민영),민영,노외,미연계,종로구,종로구 가회동 170-4,37.580333,126.984775,02-765-7174,20,유료,2000,30,500,10,0,0,0,0,0,0,0,0,seoul_site
887870,청민빌딩 주차장,민영,부설,미연계,종로구,종로구 동숭동 1-55,37.58277984,127.00265773,,26,유료,1500,30,1500,30,0,0,900,2400,900,2400,900,2400,seoul_site
3022312,초원교회,민영,부설,미연계,종로구,종로구 창신동 197-1,37.573396,127.013036,,13,무료,,,,,,,700,2100,700,2100,0,0,seoul_site
2969430,케이트윈타워,민영,부설,20분,종로구,종로구 중학동 19-0,37.574719,126.979023,02-1899-7275,402,유료,3000,30,1000,10,50000,,0,2400,0,2400,0,2400,seoul_site
3082686,크레센도빌딩 주차장,민영,부설,20분,종로구,종로구 신문로1가 57-0,37.570637,126.97301,02-1522-0741,417,유료,1500,10,1500,10,,253000,0,2400,0,2400,0,2400,seoul_site
2973407,타워8,민영,부설,2시간,종로구,종로구 청진동 128-0,37.570689,126.980639,070-5158-0086,202,유료,2000,15,2000,15,30000,253000,500,2400,500,2400,500,2400,seoul_site
1451751,탑골공원 관광버스전용 주차장(시),공영,노상,20분,종로구,종로구 종로2가 38-4,37.57130525,126.98776441000001,02)2290-6449,2,무료,0,0,0,0,0,0,0,0,0,0,0,0,seoul_site
3048469,토속촌(민영),민영,노외,미연계,종로구,종로구 체부동 88-2,37.577796,126.971445,02-737-7444,12,유료,1000,10,1000,10,50000,0,1000,2200,0,0,0,0,seoul_site
1145753,트윈트리타워 주차장,민영,부설,20분,종로구,종로구 중학동 14-0,37.57542635,126.9801813,02-1644-8830,266,유료,3000,30,1000,10,,,0,2400,0,2400,0,2400,seoul_site
3075777,파크팰리스 주차장,민영,부설,미연계,종로구,종로구 내수동 95-0,37.574198,126.970608,0,40,유료,3000,30,1000,10,,,0,2400,0,2400,0,2400,seoul_site
1584680,평창동 460-3(구),공영,노상,미연계,종로구,종로구 평창동 460-3,37.610614492222226,126.97494767333335,02-2236-0052,9,유료,150,5,150,5,0,0,1000,2200,1000,2200,1000,2200,seoul_site
1584688,평창동(구),공영,노상,미연계,종로구,종로구 평창동 114-3,37.611442111,126.97726553,02-2236-0052,10,유료,150,5,150,5,0,0,1000,2000,1000,2000,1000,2000,seoul_site
3082179,포시즌스호텔 주차장,민영,부설,미연계,종로구,종로구 당주동 30-0,37.57073,126.975441,0,207,유료,2000,10,,,,,0,0,0,0,0,0,seoul_site
3068451,푸른기린(민영),민영,노외,미연계,종로구,종로구 화동 56-0,37.581743,126.981513,02-725-1481,25,유료,2000,30,2000,30,40000,200000,900,2300,900,2300,900,2300,seoul_site
