FIX_CCTV_ADDR,LAT,LOT,CGG_CD,CRDN_BRNCH_NM,GRNDS_SE
동숭동 1-61,37.581777,127.002874,종로구,대학로예술극장 주변 1,불법주정차구역
동숭동 1-57,37.582556,127.002353,종로구,대학로8가길 36 주변,불법주정차구역
공평동 1,37.572257,126.984345,종로구,SM면세점 주변,불법주정차구역
삼청동 28-6,37.586893,126.983521,종로구,감사원 주변,불법주정차구역
동숭동 1-27,37.581843,127.002123,종로구,혜화역 4호선 2번출구 주변,불법주정차구역
신문로1가 7-5,37.570764,126.975918,종로구,현대해상 본사 주변,불법주정차구역
삼청동 71,37.585041,126.982137,종로구,삼청동주민센터 주변,불법주정차구역
이화동 149,37.576877,127.002369,종로구,서울사대부설초교 정문 주변,불법주정차구역
연건동 32-2,37.57958,127.001976,종로구,연건119안전센터 주변,불법주정차구역
혜화동 90-7,37.585467,127.001626,종로구,혜화동로터리 주변,불법주정차구역
명륜4가 1,37.583398,127.001508,종로구,혜화역 4호선 4번출구 주변,불법주정차구역
혜화동 1-1,37.591979,126.999239,종로구,서울과학고후문 주변,불법주정차구역
혜화동 9-11,37.589879,126.999286,종로구,올림픽기념국민생활관 주변,불법주정차구역
동숭동 1-38,37.5835,127.002609,종로구,상명아트홀 주변,불법주정차구역
동숭동 1-83,37.582667,127.003884,종로구,IBK기업은행 대학로지점 주변,불법주정차구역
묘동 175,37.572498,126.991473,종로구,5호선 종로3가역 3번출구 주변,불법주정차구역
청진동 19,37.57142,126.980701,종로구,그랑서울 주변,불법주정차구역
종로구 통의동 1-1,37.57927720131684,126.97368022567021,종로구,정부서울청사 창성동별관(효자로) 주변,불법주정차구역
충신동 52-2,37.575756,127.005021,종로구,종로노인종합복지관입구 교차로 주변,불법주정차구역
명륜2가 231,37.583035,126.998637,종로구,성균관대입구 교차로 주변,불법주정차구역
신문로1가 135-2,37.569998,126.975498,종로구,동화면세점 포시즌스호텔 주변,불법주정차구역
창신동 352-1,37.572226,127.013539,종로구,동대문역 1호선 4번출구 주변,불법주정차구역
사직동 228,37.574936,126.967743,종로구,사직공원 주변,불법주정차구역
평창동 산 6-17,37.601895,126.981581,종로구,북악 팔각정 주변,불법주정차구역
숭인동 76,37.573905,127.015756,종로구,동묘앞역 1호선 10번출구 주변,불법주정차구역
청운동 89-143,37.58837,126.972291,종로구,청운중학교 정문 주변,불법주정차구역
종로구 청운동 15-19,37.590842756121326,126.96974151752353,종로구,창의문로 관광버스 허용구간 주변,불법주정차구역
부암동 329-24,37.59168,126.963659,종로구,무계원 주변,불법주정차구역
부암동 278-5,37.593134,126.963797,종로구,부암동주민센터 주변,불법주정차구역
부암동 203-4,37.595275,126.963561,종로구,서울미술관 주변,불법주정차구역
명륜4가 80-1,37.582096,127.00007,종로구,대학로 소나무길(대학로11길) 주변,불법주정차구역
창신동 237,37.57424,127.015158,종로구,창신동 두산아파트 주변,불법주정차구역
창신동 82,37.574923,127.014778,종로구,창신초교 후문 주변,불법주정차구역
동숭동129,37.581284,127.004599,종로구,광명가든레지던스 주변,불법주정차구역
가회동 208-7,37.580071,126.985109,종로구,가회동주민센터 주변(어린이12) ,불법주정차구역
종로6가 210-1,37.573627,127.006691,종로구,봄샘유치원 주변(어린이01),불법주정차구역
창신동 산 6-25,37.578408,127.01472,종로구,아동회관어린이집 주변(어린이02),불법주정차구역
창신동 23-330,37.578836,127.010898,종로구,은행나무어린이집 주변(어린이03) ,불법주정차구역
창신동 7-40,37.581338,127.013139,종로구,명신초교(후문) 주변(어린이04) ,불법주정차구역
창신동 7-40,37.582172,127.01465,종로구,명신초교(정문) 주변(어린이05) ,불법주정차구역
숭인동 26-10,37.579708,127.017096,종로구,청룡유치원 주변(어린이06) ,불법주정차구역
동숭동 50-135,37.58032961239477,127.00653652077214,종로구,낙산공원 주차장 주변,불법주정차구역
혜화동 15-139,37.589438,127.001478,종로구,한아름유치원 주변(어린이08) ,불법주정차구역
연지동 136-25,37.574144,127.001246,종로구,연동유치원 주변(어린이09) ,불법주정차구역
혜화동 58-2,37.586262,127.002023,종로구,혜화유치원 주변(어린이10) ,불법주정차구역
경운동 2,37.575196,126.987028,종로구,운현초등학교 주변(어린이11) ,불법주정차구역
종로구 예지동 197-3,37.5696952473655,126.998055084995,종로구,광장시장 서문 주변 ,불법주정차구역
통의동 91-43,37.579399,126.972013,종로구,정부서울청사 창성동별관(자하문로10길) 주변,불법주정차구역
궁정동 4-11,37.585046,126.97106,종로구,무궁화어린이집 주변(어린이15) ,불법주정차구역
홍지동 99-3,37.599704,126.959064,종로구,세검정유치원 주변(어린이17) ,불법주정차구역
홍지동 56,37.600788,126.956861,종로구,상명사대부속초등학교 주변(어린이18) ,불법주정차구역
신교동 1-1,37.584074,126.968901,종로구,서울농학교 주변(어린이19) ,불법주정차구역
사직동 284-1,37.574546,126.964512,종로구,수도사랑의학교 주변(어린이20) ,불법주정차구역
계동 115-1,37.579366,126.986666,종로구,재동초교(북촌로4길 27) 주변(어린이21) ,불법주정차구역
신영동 218-5,37.602735,126.960755,종로구,세검정초교(정문) 주변(어린이22) ,불법주정차구역
신영동 222,37.603958,126.961269,종로구,세검정초교(후문) 주변(어린이23) ,불법주정차구역
사직동 1-43,37.57692,126.967844,종로구,매동초교(정문) 주변(어린이24),불법주정차구역
필운동 108,37.577185,126.969199,종로구,매동초교(필운대로) 주변(어린이25) ,불법주정차구역
명륜1가 27-57,37.589234,126.997408,종로구,혜화초교(명륜파출소) 주변(어린이26) ,불법주정차구역
창신동 99,37.574683,127.013793,종로구,창신초교(장난감도서관) 주변(어린이27) ,불법주정차구역
청운동 52-4,37.586269,126.968635,종로구,청운초교(후문)  주변(어린이28) ,불법주정차구역
효제동 105-5,37.574305,127.00332,종로구,효제초교(율곡로14길) 주변(어린이29) ,불법주정차구역
명륜3가 1-924,37.591126,126.995144,종로구,명륜어린이집 주변(어린이30) ,불법주정차구역
구기동 151,37.611546,126.95634,종로구,하비에르국제학교 주변(어린이32),불법주정차구역
신교동 2-128,37.583757,126.967316,종로구,서울맹학교 주변(어린이33) ,불법주정차구역
내자동 169,37.574936,126.970238,종로구,세종유치원 주변(어린이34) ,불법주정차구역
부암동 384-4,37.598687,126.960875,종로구,창의문교회(자하문로287) 주변,불법주정차구역
신영동 105-12,37.601661,126.962604,종로구,부암어린이집 주변(어린이36) ,불법주정차구역
숭인동 178-167,37.574975,127.019838,종로구,한빛어린이집 주변(어린이37) ,불법주정차구역
옥인동 149-1,37.580694,126.967469,종로구,누상어린이집 주변(어린이38) ,불법주정차구역
가회동30-2,37.581691,126.984999,종로구,가회동성당 주변,불법주정차구역
세종로 81-3,37.571736,126.975468,종로구,광화문역 5호선 8번출구 주변,불법주정차구역
신문로1가163,37.569537,126.974443,종로구,광화문오피시아빌딩 주변,불법주정차구역
경운동 63-10,37.574267,126.987055,종로구,교동초교(삼일대로) 주변,불법주정차구역
경운동 88,37.575367,126.986563,종로구,수운회관 주변,불법주정차구역
낙원동 288,37.571041,126.987806,종로구,종로2가 낙원상가 주변,불법주정차구역
낙원동 237-2,37.57267981056417,126.98870694181922,종로구,종로3가역 5호선 5번출구 주변,불법주정차구역
낙원동 210,37.571491,126.989158,종로구,송해길(수표로) 주변,불법주정차구역
관수동 15,37.569292,126.989556,종로구,세종주차장 주변,불법주정차구역
종로구 효자동 150,37.58294195997111,126.97353175608467,종로구,청와대 사랑채 주변,불법주정차구역
필운동 142,37.576275,126.969346,종로구,사직동 새마을금고 주변,불법주정차구역
종로6가264-1,37.570867,127.006829,종로구,IBK기업은행 종로6가지점 주변,불법주정차구역
사직동 9,37.574719,126.970242,종로구,광화문풍림스페이스본1단지 주변,불법주정차구역
무악동 45-20,37.574786,126.958525,종로구,무악현대아파트 주변,불법주정차구역
종로구 숭인동 1396,37.5730700174211,127.02313100918214,종로구,난계로 27길 주변,불법주정차구역
신영동 16,37.604895,126.961184,종로구,국민은행 세검정지점 주변,불법주정차구역
종로구 효자동 150,37.583651317700586,126.97276446628122,종로구,청와대 분수대 주변,불법주정차구역
체부동 45-1,37.577275,126.972047,종로구,경복궁역2번출구(자하문로13-1) 주변,불법주정차구역
통인동 156-2,37.578599,126.971495,종로구,우리은행 효자동지점 주변,불법주정차구역
옥인동 18,37.582454,126.970463,종로구,옥인교회(통인시장~신교동R) 주변,불법주정차구역
청운동 50-31,37.586539,126.969656,종로구,청운초교 주변,불법주정차구역
종로구 효자동 178-2,37.58176154777055,126.97304252699466,종로구,청와대 사랑채 주차장 주변,불법주정차구역
부암동 237-26,37.593047,126.965849,종로구,계열사 주변,불법주정차구역
평창동 158-1,37.60649,126.969103,종로구,글로리아타운 주변,불법주정차구역
평창동 230-3,37.605652,126.967231,종로구,종로구치매지원센터 주변,불법주정차구역
종로구 청운동 3-100,37.5922994700904,126.9673376393209,종로구,윤동주문학관(자하문고개) 주변,불법주정차구역
가회동 210,37.579201,126.985468,종로구,재동초교 주변,불법주정차구역
소격동 144-2,37.579527,126.982146,종로구,정독도서관 주변,불법주정차구역
청진동 45-2,37.572121,126.981492,종로구,두산위브파빌리온 주변,불법주정차구역
관훈동 168,37.574387,126.984272,종로구,북인사마당 주변,불법주정차구역
관훈동 37,37.573954,126.985022,종로구,수도온누리약국 주변,불법주정차구역
인사동 179-2,37.572939,126.986203,종로구,인사동길새마을금고 본점 주변,불법주정차구역
인사동 137-2,37.571741,126.986947,종로구,남인사마당 주변,불법주정차구역
묘동 121,37.573543,126.991329,종로구,삼화페인트 주변,불법주정차구역
묘동 70-1,37.571712,126.991921,종로구,청룡귀금속 주변,불법주정차구역
관수동 68,37.569306,126.992144,종로구,구 서울극장(돈화문로 9) 주변,불법주정차구역
충신동 179-10,37.573646,127.005786,종로구,충신시장입구 교차로(김상옥로) 주변,불법주정차구역
효제동 273,37.573364,127.003683,종로구,효제초교 후문 주변,불법주정차구역
명륜2가 142-2,37.584326,126.997443,종로구,성대정문 주변,불법주정차구역
종로3가 115,37.570144,126.990433,종로구,종로3가역 1호선 15번출구 주변,불법주정차구역
종로3가 37-7,37.570618,126.993308,종로구,종로3가역 1호선 11번출구 주변,불법주정차구역
종로3가 163,37.570313,126.994086,종로구,종묘광장공원 주변,불법주정차구역
종로5가 138-8,37.570772,127.000633,종로구,광장시장 북문 보령약국 주변,불법주정차구역
종로5가 193-1,37.570864,127.003371,종로구,종로5가백화점약국 주변,불법주정차구역
종로구 신문로2가 170,37.5687048680778,126.969324018998,종로구,돈의문박물관마을(새문안로) 주변,불법주정차구역
창신동465 ,37.571567,127.010944,종로구,동대문역 1호선 1번출구 주변,불법주정차구역
창신동 457-3,37.571653,127.01308,종로구,문구완구골목(우일완구) 주변,불법주정차구역
창신동 455-15,37.571459,127.014138,종로구,문구완구골목(승진완구) 주변,불법주정차구역
창신동 81-2,37.574349,127.015563,종로구,동묘앞역 롯데캐슬천지인 주변,불법주정차구역
창신동 393-18,37.570949,127.015626,종로구,창신제1동주민센터 주변,불법주정차구역
숭인동 61-66,37.576186,127.015656,종로구,창신초교 주변,불법주정차구역
숭인동 316-1,37.571887,127.01586,종로구,동묘앞역 6호선 5번출구 주변,불법주정차구역
종로구 사간동 70,37.5778976166451,126.9797005108794,종로구,국립현대미술관 주변,불법주정차구역
동숭동 1-111,37.580814,127.003334,종로구,아르코미술관 주변,불법주정차구역
종로구 봉익동 60,37.571613,126.993791,종로구,삼정 금은보석도매상가 주변,불법주정차구역
종로구 청운동 30-15,37.58840298308305,126.96845742150404,종로구,청운공원 1(자하문로35길) 주변,불법주정차구역
종로구 혜화동 111-3,37.585924,127.001020,종로구,혜화동우체국 주변,불법주정차구역
종로구 혜화동 74-30,37.586550,127.000312 ,종로구,혜화동주민센터 주변,불법주정차구역
종로구 무악동 46-82,37.573834,126.960538,종로구,독립문초교 정문 주변,불법주정차구역
주변,37.59047439470533,126.9653513140992,종로구,청운공원 2(자하문로35길) 주변,불법주정차구역
주변,37.589447249463106,126.9653036697107,종로구,청운공원 3(자하문로35길) 주변,불법주정차구역
종로구 낙원동 1,37.5742227450528,126.987616519226,종로구,교동초교 정문 주변(어린이39) ,불법주정차구역
종로구 내수동 110,37.573411140439,126.971166578184,종로구,경희궁4길 경희궁의아침2단지아파트 주변,불법주정차구역
종로구 혜화동 13-1,37.588391, 126.999717,종로구,혜화초교 정문 주변,불법주정차구역
종로구 신문로2가 108-1,37.5687030064764,126.97198395166,종로구,덕수궁디팰리스아파트 주변,불법주정차구역
종로구 창신동 618-1,37.578781,127.008671,종로구,창신제일어린이집 주변,불법주정차구역
종로구 행촌동 1-69,37.572879,126.965194,종로구,상록수어린이집 주변,불법주정차구역
종로구 숭인동 753,37.576939,127.022001,종로구,도담도담어린이집 주변,불법주정차구역
종로구 교남동 7,37.5674151698227,126.965676387192,종로구,경희궁자이3단지아파트 주변,불법주정차구역
종로구 창신동 670,37.572270,127.009597,종로구,동인교회 주변,불법주정차구역
종로구 익선동 34,37.574145,126.988952,종로구,종로세무서 주변,불법주정차구역
종로구 창신동 567,37.572203,127.010709,종로구,우리마트 동대문점 주변 ,불법주정차구역
종로구 계동 142-1,37.57848202416712,126.98685794147917,종로구,현대건설(계동길23) 주변,불법주정차구역
종로구 명륜2가 113,37.5846828301961,126.99766035822,종로구,유림경로당 주변,불법주정차구역
종로구 종로5가 467,37.56986235924587,127.0055168494243,종로구,신진시장(청계천로) 주변,불법주정차구역
종로구 무악동 66-3,37.575708,126.957199,종로구,올리비움 산후조리원 주변,불법주정차구역
종로구 부암동 48-35,37.59317321494262,126.96656162880075,종로구,인왕 북악 스카이웨이 삼거리 주변,불법주정차구역
종로구 숭인동 232-29,37.571355,127.019049,종로구,동일상가아파트 주변,불법주정차구역
종로구 종로6가 146-1,37.571951,127.006676,종로구,종로 6가 종로꽃시장 주변,불법주정차구역
종로구 숭인동 204-2,37.57219628080437,127.02193366273538,종로구,청계천로397(숭인상가아파트) 주변,불법주정차구역
종로구 동숭동 31-19,37.580228346805015,127.00447324403173,종로구,동숭길 48 (정화예대 정화1관) 주변,불법주정차구역
종로구 예지동 189-8,37.56915969847825,126.99823558691783,종로구,청계4가 배오개다리(청계천로) 주변,불법주정차구역
종로구 서린동 127,37.569288576007295,126.97949909779044,종로구,모전교(청계천로) 주변,불법주정차구역
종로구 종로5가 332-16,37.56985345331272,127.00242379121356,종로구,청계5가 마전교(청계천로) 주변,불법주정차구역
종로구 숭인동 269,37.5733165256316,127.01737767547395,종로구,동묘앞역 3번출구 앞 주변,불법주정차구역
종로구 당주동 44-4,37.571580,126.974771,종로구,광화문역 8번출구(변호사회관) 주변,불법주정차구역
종로구 이화동 186-3,37.57687218065823,127.003360796499,종로구,서울사대부설초교(이화장길) 주변,불법주정차구역
종로구 관철동 11-14,37.56853491941028,126.98580982281378,종로구,장통교 1(젊은의 거리) 주변,불법주정차구역
종로구 신문로1가 238,37.57156673689304,126.97278301722166,종로구,신문로빌딩 주변,불법주정차구역
종로구 장사동 250-1,37.568587344428494,126.99255047009756,종로구,청계3가 관수교(청계천로) 주변　,불법주정차구역
종로구 예지동 137-1,37.568855505247727,126.99629149394633,종로구,청계4가 세운교(청계천로) 주변　,불법주정차구역
종로구 옥인동 산 3-1,37.5859537047415,126.964277654295,종로구,인왕산로 초소책방 주변,불법주정차구역
종로구 견지동 39-7,37.57449008628627,126.98272393377975,종로구,우정총국 조계사 주변,불법주정차구역
종로구 신문로2가 1-251,37.573470,126.968508,종로구,대한축구협회 사거리 주변,불법주정차구역
종로구 신교동 66,37.58389847202408,126.97020285491436,종로구,푸르메센터 주변,불법주정차구역
종로구 내수동 167,37.57308042211496,126.9728418963838,종로구,세종로대우빌딩 주변,불법주정차구역
종로구 명륜2가 134,37.58487527080688,126.99713700247726,종로구,성균관대정문(경학어린이공원) 주변,불법주정차구역
종로구 세종로 100,37.57265133291468,126.9783350523506,종로구,KT광화문지점(KT광화문빌딩) 주변,불법주정차구역
종로구 창신동 436-65,37.56996534716917,127.01335563306363,종로구,동대문 신발 도매 중심상가(청계천로) 주변,불법주정차구역
종로구 종로5가 398-16,37.57034901209676,127.00178991021583,종로구,광장시장 동문 주변 ,불법주정차구역
종로구 창신동 651-14,37.57339616506729,127.01060830323968,종로구,창신길 39 주변,불법주정차구역
종로구 원서동 181-5,37.578404,126.989143,종로구,현대다솜어린이집 주변,불법주정차구역
종로구 종로6가 289-3,37.56992530086606,127.00778924894213,종로구,동대문 종합시장 B동(청계천로) 주변,불법주정차구역
종로구 재동 83,37.57838273513028,126.98533248028279,종로구,헌법재판소 앞 주변,불법주정차구역
종로구 익선동 30-6,37.575488,126.989187,종로구,교동초교(삼일대로32길) 주변,불법주정차구역
종로구 관수동 165-1,37.56832802644032,126.98895379330033,종로구,전태일 기념관(청계천로) 주변,불법주정차구역
종로구 세종로 1-58,37.57656183773006,126.97938389864422,종로구,경복궁 주차장 입구 주변,불법주정차구역
종로구 소격동 56,37.580979077589994,126.98006195265233,종로구,삼청로(주한브라질대사관) 주변,불법주정차구역
종로구 청진동 246,37.57120089208616,126.97923256023384,종로구,광화문 D타워(청진공원) 주변,불법주정차구역
종로구 창신동 400-4,37.57051442090319,127.01744494210776,종로구,삼일아파트 4동(청계천로) 주변　,불법주정차구역
종로구 관철동 43-8,37.568814044252996,126.98435523237058,종로구,장통교 2(청계천로) 주변,불법주정차구역
종로구 관수동 124,37.56844756414928,126.99076769387283,종로구,수표교(청계천로) 주변,불법주정차구역
종로구 창신동 436-78,37.570070913847,127.011954235256,종로구,동대문 신발 도매상가 B동(청계천로) 주변,불법주정차구역
종로구 평창동 166,37.60682822288515,126.9683477165383,종로구,종로생명숲어린이집 주변,불법주정차구역
종로구 견지동 65-1,37.57299675158026,126.98316858839001,종로구,우정국로 46(더프리마호텔) 주변,불법주정차구역
종로구 종로5가 503-15,37.56986241951743,127.00402550311047,종로구,나래교(청계천로) 주변,불법주정차구역
종로구 인사동 179-2,37.57294759107515,126.98620801502108,종로구,인사동4길(가야옻칠공예) 주변,불법주정차구역
종로구 장사동 207-1,37.56868428912589,126.9941012097961,종로구,SC제일은행 장사동지점(청계천로) 주변,불법주정차구역
종로구 관철동 43-4,37.56953034205031,126.9844031902812,종로구,우정국로2길(화이트갤러리) 주변,불법주정차구역
종로구 세종로 76-14,37.57463354167246,126.9784448504396,종로구,의정부지 역사유적광장(역사박물관) 주변,불법주정차구역
종로구 충신동 136-16,37.57502957780987,127.00525403365225,종로구,충신시장입구(율곡로) 주변,불법주정차구역
종로구 궁정동 2-2,37.584548,126.972584,종로구,주한교황청대사관 주변,불법주정차구역
종로구 예지동 269-2,37.569533624786274,127.00006367200132,종로구,청계5가 광장시장(청계천로) 주변,불법주정차구역
종로구 청운동 89-12,37.586221444576864,126.97295600377907,종로구,청운실버센터 주변,불법주정차구역
종로구 부암동 333-8,37.59148820904383,126.96603304223619,종로구,인왕산로(자하손만두) 주변,불법주정차구역
종로구 원남동 96-9,37.575669375482974,126.99755054940336,종로구,원남동사거리 주변,불법주정차구역
